Teacher,ชื่อ-สกุล
ddp,ผศ.ดร.เด่นดวง ประดับสุวรรณ
scw,ผศ.ดร.เสาวลักษณ์ วรรธนาภา
ssr,ผศ.ดร.ทรงศักดิ์ รองวิริยะพานิช
tnt,ผศ.ดร.ธนาธร ทะนานทอง
pkl,ผศ.ดร.ปกรณ์ ลี้สุทธิพรชัย
ppr,ผศ.ดร.ประภาพร รัตนธํารง
wjr,ผศ.ดร.วิรัตน์ จารีวงศ์ไพบูลย์
wlr,ผศ.ดร.วิลาวรรณ รักผกาวงศ์
ojs,ผศ.ดร.อรจิรา สิทธิศักดิ์
yao,รศ.ดร.เยาวดี เต็มธนาภัทร์
nth,รศ.ดร.ณัฐธนนท์ หงส์วริทธิ์ธร
tpb,อ.ดร.ฐาปนา บุญชู
pps,อ.ดร.ปกป้อง ส่องเมือง
mvp,ผศ.ดร.มนวรรัตน์ ผ่องไพบูลย์
lpp,อ.ดร.ลัมพาพรรณ พันธ์ชูจิตร์
wdp,ผศ.ดร.วนิดา พฤทธิวิทยา
nng,อ.นุชชากร งามเสาวรส
skn,อ.สิริกันยา นิลพานิช
ksc,ผศ.ดร.กษิดิศ ชาญเชี่ยว
wdc,ผศ.ดร.วรวรรณ ดิอัซ การ์บาโย
pkw,อ.ปกรณ์ แววสว่างวงศ์
